,Name,Rating,Votes,Course,Weighted_rating
282,Carnitas (Mexican Slow Cooker Pulled Pork),4.96,876,Slow cooking,0.12722044915527186
150,Ceviche,4.99,693,"Appetiser, Light Meal",0.10125230580036894
183,Hot Cross Buns recipe,4.99,477,Dessert,0.0696931455509033
275,Hot Cross Buns recipe,4.99,477,Dessert,0.0696931455509033
182,Oven Baked Chicken and Rice,4.93,477,Dinner,0.06885515181682428
43,Baked Mac and Cheese,4.99,442,Side,0.06457939273270283
252,Baked Fish with Lemon Cream Sauce (One Baking Dish!),4.97,434,Dinner,0.06315638450502152
172,Greek Chicken Gyros with Tzaziki,4.99,369,"Dinner, Entertaining, Grilling, Lunch",0.05391356542617047
40,Chicken Shawarma (Middle Eastern),4.99,357,Chicken,0.0521602787456446
289,Oven Baked Pork Chops with Potatoes,4.94,348,Dinner,0.05033584165373467
173,Meatloaf recipe,4.97,337,Main,0.049040787046525924
389,Slow Cooked Shredded Beef Ragu Pasta,4.98,336,"Pasta, Slow Cooked",0.048993646238983404
502,One Pot Greek Chicken and Lemon Rice,4.89,340,"Chicken, One Pot",0.04868093578894973
20,Truly Crispy Oven Baked Buffalo Wings,4.96,318,"Chicken Wings, Party Food",0.046182765789242526
263,Pork Tenderloin with Honey Garlic Sauce,4.97,296,Mains,0.04307440049190408
288,Thai Chicken Satay with Peanut Sauce,4.97,292,"Mains, Starter",0.04249231399877024
186,Beef and Guinness Stew,4.99,290,"Dinner, Stew",0.04237109477937517
276,Chocolate Cake,4.99,275,35 mins,0.040179486428717825
351,Chocolate Cake,4.99,275,35 mins,0.040179486428717825
144,Char Siu Pork – Chinese BBQ Pork,4.97,274,Roast,0.039872924779667966
45,Pad See Ew – Thai Stir Fried Noodles,4.93,271,"Noodles, Stir Fry",0.03911896465903435
213,Spaghetti Bolognese,5.0,261,Dinner,0.038210406113664976
246,Laksa Noodle Soup,4.97,259,"Dinner, Soup",0.03769010043041607
328,Lamb Shanks in Red Wine Sauce,4.95,255,Main,0.036958685913389744
240,Homemade Sausage Rolls,4.97,250,"Appetizer, Finger Food, Party Food",0.03638040582086493
525,Real Chinese All Purpose Stir Fry Sauce (Charlie!),4.93,251,"Noodles, Stir Fry",0.03623195619711299
319,Slow Cooker Pork Loin Roast OR Pork Shoulder,4.94,231,"Mains, Slow Cooker",0.03341258454601353
176,Cottage Pie,4.98,228,Dinner,0.03324568851931017
188,Caramel Slice,4.99,209,Sweet,0.030536409685825553
341,Mushroom Rice Recipe,4.99,208,Side,0.030390302462448397
204,Filipino Chicken Adobo (Flavour Kapow!),4.92,208,Chicken,0.029963985594237696
517,Restaurant Style Coconut Rice (Coconut Milk),4.96,202,"Rice, Side",0.029336222293795566
357,Thai Red Curry with Chicken,4.97,200,Mains,0.029104324656691945
178,Swedish Meatballs (homemade Ikea Meatballs),4.94,197,Mains,0.028494714959154396
302,Easy Chicken Cordon Bleu,4.96,196,"Chicken, Dinner",0.028464849354375897
308,Easy Chocolate Fudge Cake,4.98,190,Cake,0.02770474043275847
285,Fried Rice,5.0,180,Side,0.026352004216320675
301,Braised Beef Short Ribs in Red Wine Sauce,4.95,179,3 hrs 15 mins,0.025943548150967707
250,Mexican Shredded Beef (and Tacos),4.99,176,"Beef, Dinner",0.02571487131437941
232,Mexican Ground Beef Casserole with Rice (Beef mince!),4.9,175,Mains,0.025107604017216647
218,Vietnamese Noodles with Lemongrass Chicken,4.98,171,Noodles,0.024934266389482623
159,Gravy Baked Chicken (thighs & drumsticks) - 5 min prep!,4.98,168,Mains,0.024496823119491702
297,Thai Green Curry,5.0,167,Mains,0.024448803911808627
156,Crumpet recipe,4.99,155,"Bread, Breakfast",0.02264661962345914
359,Ultra Crispy Smashed Potatoes,4.97,153,1 hr 10 mins,0.022264808362369336
191,Rogan Josh (Indian Lamb Curry),4.98,150,Mains,0.021872163499546165
325,Mushroom Sauce,4.97,149,Sauce,0.021682721869235498
243,Chicken with Creamy Sun Dried Tomato Sauce,4.96,148,"Chicken, Dinner",0.021493865839018536
291,Chicken Stew,4.96,145,Mains,0.0210581793693087
224,One Pot Chili Mac and Cheese,4.98,144,Main,0.020997276959564316
199,Pot Roast,4.97,144,"Mains, Slow Cooker",0.020955113752818198
286,Easy Chicken Curry,4.91,143,Mains,0.02055836968933915
67,Emergency “Dump ‘n Bake” Fried Rice,4.95,141,"Rice, Side Dish",0.020435979269756686
342,Savoury Cheese Muffins,4.95,138,"Appetizer, Breakfast, Sides",0.020001171200187393
373,Vietnamese Coconut Caramel Chicken,4.89,138,Main,0.01975873276139724
241,Easy Tiramisu (Chef Recipe),4.94,133,Dessert,0.019237548678007792
426,5 Easy Tapas Recipes,4.75,136,Appetizer,0.018914883026381283
366,Homemade Gourmet Crackers,4.99,129,1 hr 15 mins,0.018847831815653093
372,Stay-Moist Apple Muffins!,4.96,129,Baking,0.018734518197522913
179,Sandwich Bread WITHOUT Yeast! (Dead easy),4.95,128,Breads,0.018551810968289756
348,Pork Stir Fry with Green Beans,4.98,124,Stir Fry,0.018080988492958163
185,Easy Chocolate Brownies,4.96,124,Sweets,0.018008374081339852
209,Moist Blueberry Muffins,4.94,124,Sweet Baking,0.017935759669721548
231,Sticky Chinese Chicken Wings,4.97,122,"Appetizer, Finger Food, Main, Party Food, Snacks",0.017753638040582085
294,Vegetable Lasagna,4.97,122,Mains,0.017753638040582085
362,No Bake Mango Cheesecake,4.96,122,30 mins,0.01771791643486663
419,Easiest Ever MOIST Apple Cake,4.89,123,1 hr 5 mins,0.017611044417767105
334,Crispy Garlic Chicken Thighs,4.94,120,12 mins,0.017357186777149886
225,Thai Chilli Basil Chicken,4.95,117,Stir Fry,0.016957514713202355
111,Focaccia recipe,4.98,116,Breads,0.0169144731063157
395,"Honey Garlic Salmon (5 Ingredients, 15 Minutes)",4.96,116,"Fish, Seafood",0.01684654349544696
321,Poached Salmon in Coconut Lime Sauce,4.94,114,Mains,0.016489327438292394
171,Chinese Noodle Soup,4.98,113,Soup,0.016477029836324774
368,Doner Kebab recipe,4.97,113,Mains,0.01644394343103095
380,Spinach Ricotta Cannelloni,4.98,110,Mains,0.016039586566333853
378,Rissoles!,4.98,108,Main,0.015747957719673238
346,Veggie Burgers,4.99,107,"BBQ, Mains",0.015633472901355666
146,Chicken with Creamy Mushroom Sauce,4.98,105,Mains,0.015310514449682315
283,Salmon Patties,4.9,106,Mains,0.015208034433285512
450,Greek Slow Roasted Leg of Lamb,4.9,103,"Dinner, Roast",0.014777618364418939
152,Mushroom Pasta,4.97,101,Pasta,0.014697683951629431
266,Chicken Pasta recipe of your dreams!,5.0,100,"Mains, Pasta",0.014640002342400375
187,Vegetable Beef Soup (Fall apart beef!),5.0,100,"Mains, Soups",0.014640002342400375
324,Falafel,4.99,100,"Mains, Sides",0.014610722337715574
58,Chocolate Muffins,4.93,99,"Muffin, Sweet",0.014290691886510701
192,Slow Cooker Beef Stroganoff,4.85,99,Mains,0.01405879424940708
316,One Pot Chinese Chicken and Rice,4.91,97,Mains,0.013945187831230055
273,Dog cake recipe - with dog friendly fluffy frosting!,4.99,94,Dog Treats,0.01373407899745264
208,Cornbread recipe (creamed corn),4.97,94,"Bread, Side",0.013679032588645213
110,Pineapple Upside Down Cake,4.99,93,Cake,0.013587971774075483
61,Smoked Sausage and Rice – easy one pot dinner!,4.93,94,Main,0.013568939771030361
77,Oatmeal Raisin Cookie (Soft & Chewy),4.93,93,Cookie,0.013424589347934295
53,Chicken Fricassée (French creamy chicken stew),4.95,92,"Main, Main Course",0.013334114133458263
124,12 Minute Thai Chicken Peanut Noodles,4.89,92,Mains,0.013172488507598161
121,Beef Bourguignon (Beef Burgundy),4.99,89,"Main, Stew",0.01300354288056686
281,Quick Chicken Tacos - WITH sauce!,4.99,89,Mains,0.01300354288056686
147,Cheese & Bacon Breakfast Strata Cake (Breakfast Casserole!),4.98,89,Breakfast,0.01297748367639739
44,Cheesy Potato Gratin Stacks (Muffin Tin),4.98,89,"Finger Food, Side",0.01297748367639739
337,Singapore Noodles,4.96,89,"Noodles, Stir Fry, Street Food",0.012925365268058443
287,Gozleme!!,4.98,88,"Mains, Starter",0.012831669253067082
201,Fish Tacos,4.9,89,Dinner,0.012769010043041608
200,Mushroom Risotto,5.0,87,"Mains, Starter",0.012736802037888326
466,Nando’s Portuguese Chicken Burgers,4.97,87,"BBQ, Dinner",0.012660381225660995
479,Crispy Sticky Mongolian Beef,4.92,86,Stir Fry,0.012388955582232894
390,Epic Chunky Beef and Mushroom Pie,4.97,85,2 hrs 45 mins,0.012369337979094076
284,Shortbread Cookies,4.96,85,Sweets,0.012344449975111997
128,Crispy Beer Battered Fish,4.99,84,Mains,0.012273006763681083
414,Stovetop Macaroni and Cheese,4.89,85,"Dinner, Side",0.012170233947237432
345,Chinese Beef and Broccoli,4.96,83,Stir Fry,0.012053992328638772
155,Chicken Broccoli Stir Fry (extra sauce!),4.94,83,"Mains, Stir Fries",0.012005387520862004
371,Creamy Garlic Prawn Pasta,4.99,82,20 mins,0.01198079231692677
470,Baked Sweet and Sour Chicken,4.98,82,"Chicken, Stir Fry",0.011956782713085234
356,Beef and Rice with Veggies,4.9,82,"Main, Side",0.011764705882352941
394,Baked Broccoli Cheese Balls,4.94,81,25 mins,0.011716101074576173
360,Slow Cooked Lamb Shawarma,4.99,80,Mains,0.01168857787017246
221,Chicken Fried Rice,4.98,80,"Main, Side",0.011665153866424619
190,Mediterranean Chicken Dinner,4.85,82,Dinner,0.011644657863145258
296,Sticky Baked Chicken Thighs,4.97,80,30 mins,0.011641729862676777
311,Baked Creamy Pumpkin Risotto,4.97,80,30 mins,0.011641729862676777
440,Seafood Spaghetti Marinara,5.0,79,"Dinner, Pasta",0.011565601850496297
511,Truly Crunchy Roast Potatoes,4.99,79,1 hr 15 mins,0.011542470646795304
340,Garlic Butter Rice with Kale,4.99,79,35 mins,0.011542470646795304
272,Baked Tandoori Chicken,4.91,80,Chicken,0.011501185840189734
393,"Simple, Fluffy Pancakes",4.97,79,15 mins,0.011496208239393318
403,Homemade Mango Ice Cream Recipe,4.89,80,25 mins,0.011454337832694053
336,Homemade Pastrami Without a Smoker,5.0,78,Mains,0.011419201827072293
349,Lemon Butter Sauce for Fish,4.99,78,10 mins,0.01139636342341815
445,5 Ingredient Sticky Stove Top Balsamic Drumsticks,4.92,79,30 mins,0.011380552220888355
274,Aussie Meat Pie recipe,4.99,76,Mains,0.011104148976663836
379,Build Your Own Homemade Granola (Muesli),4.95,76,35 mins,0.011015137762422042
206,Tuna Mornay (Creamy Tuna Casserole Pasta Bake),4.98,75,Mains,0.010936081749773082
425,Honey Mustard Chicken,4.84,77,Dinner,0.010912072145931543
234,Creamy Mushroom Pasta,4.99,74,Mains,0.010811934529909525
154,Strawberry Cake (really easy cake recipe),4.98,74,Cake,0.010790267326442773
468,One Pot Chicken Enchilada Rice Casserole,4.94,74,"Dinner, One Pot",0.010703598512575761
46,Bangers & Mash (Sausage with Onion Gravy),5.0,73,Dinner,0.010687201709952274
320,Vegetable Pasta - One Pot!,4.86,75,Mains,0.010672561707609874
177,Caesar Salad - with homemade Caesar Salad Dressing,4.98,73,"Dinner, Salad",0.010644452903112465
222,How to cook rice – perfectly and easily,5.0,72,Side,0.01054080168652827
299,Curried Rice (Basmati rice),4.99,72,Sides,0.010519720083155213
214,Pulled Pork with BBQ Sauce - easy slow cooker recipe,4.99,72,Mains,0.010519720083155213
8,Easy Lemon Coconut Almond Cake,4.96,72,"Cake, Sweet Baking",0.010456475273036043
352,Fish Pie,4.92,72,Mains,0.010372148859543818
503,Prawn / Shrimp Taco Appetizers,4.81,72,30 mins,0.010140251222440196
377,Butter Cake (Vanilla Sponge Cak),4.93,70,40 mins,0.010104529616724738
271,A great Chicken Marinade (great grilled or pan seared!),4.99,69,Mains,0.010081398413023746
494,Shrimp / Prawn Pad Thai (Spice I Am Restaurant Recipe),4.7,73,"Noodles, Stir Fry",0.010045969607355138
261,Jambalaya Recipe (easy),5.0,68,Mains,0.009955201592832254
333,"Quesadilla (Beef, Vegetable or Chicken)",4.99,68,Main,0.00993529118964659
149,Creamy Garlic Prawns (Shrimp),4.99,68,"Mains, Starters",0.00993529118964659
242,Seasoned Baked Potato Wedges,4.99,68,"Side, Snack",0.00993529118964659
358,Magic healthy low cal creamy Vegetable Soup!,4.9,69,Soup,0.009899569583931135
449,Honey Lemon Chicken,4.96,68,Dinner,0.009875559980089595
230,Caramel Popcorn,4.99,67,"Dessert, Sweet",0.009789183966269436
374,Baked Mushroom Rice,4.92,67,Rice,0.009651860744297719
313,Thai Coconut Soup,4.99,66,"Mains, Soup",0.00964307674289228
361,Crispy Parmesan Crusted Chicken,4.83,68,8 mins,0.009616724738675957
162,Minestrone Soup,4.96,66,"Mains, Soup",0.009585102333616374
157,Roasted Eggplant Lentil Salad (Aubergine Salad),5.0,65,"Mains, Side Salad",0.009516001522560243
397,Best Easy Chocolate Cupcakes,5.0,65,"Baking, Cupcakes, Dessert",0.009516001522560243
19,Pearl Couscous Salad,4.97,65,Dinner,0.009458905513424883
400,One Pot Chicken Alfredo Pasta,4.96,64,15 mins,0.00929464468714315
436,"Sun Dried Tomato, Spinach & Cheese Stuffed Chicken Breast",4.93,64,25 mins,0.009238427078148332
158,Oven roasted eggplant (aubergine),5.0,63,"Sides, Vegetables",0.009223201475712236
339,Hamburger Recipe,5.0,63,"BBQ, Dinner",0.009223201475712236
293,Egg Foo Young (Chinese omelette),4.97,63,Mains,0.009167862266857962
262,Bibimbap,4.99,62,Mains,0.009058647849383655
347,Chicken and Rice Soup,4.99,61,1 hr,0.0089125406260065
151,Crustless Quiche - Ham and Cheese,4.99,61,"Breakfast, Brunch",0.0089125406260065
141,No-Stir Creamy Lemon & Herb Baked Risotto (it’s magic!),4.99,61,Sides,0.0089125406260065
169,Greek Marinated Chickpea Salad,4.96,61,"Main Course, Salad",0.008858958217433315
175,Cinnamon Apple Teacake,4.96,61,Cakes,0.008858958217433315
235,Chinese Crispy Noodles with saucy Chicken and Vegetables (crispy CHOW MEIN!),4.94,61,"Noodles, Stir Fry",0.008823236611717859
437,Best Chocolate Chip Muffin,4.8,62,30 mins,0.008713729394196701
239,Mexican Stuffed Peppers,4.95,60,Mains,0.008696161391385822
268,Marinated Roast Beef,4.91,60,"Mains, Roasts",0.0086258893801423
258,Chocolate Zucchini Bread,4.99,59,"Baking, Sweet",0.008620326179252189
22,Salisbury steak meatballs with mushroom gravy,4.95,59,Mains,0.00855122536819606
385,Homemade Cream of Chicken Soup recipe,4.97,58,Soups,0.008440254150440665
228,Mediterranean Savoury Muffins,4.99,57,"Baking, Snack",0.008328111732497877
439,Pork Tenderloin with Creamy Marsala Sauce,4.99,57,Dinner,0.008328111732497877
27,Firecracker Beef,4.92,57,Main,0.008211284513805522
303,Extra Fluffy Blueberry Pancakes,4.95,56,20 mins,0.008116417298626768
384,Salted Caramel Tart,4.93,55,40 mins,0.007939273270283723
292,How to Tenderise Chicken for Stir Fries (Chinese secret!),5.0,54,Mains,0.007905601264896202
112,My Favourite Quinoa Salad,4.99,54,"Light mains, Salad meal, Side Salad",0.007889790062366411
163,Crispy Baked Shrimp in Lemon Butter Sauce (Prawns),4.99,54,Mains,0.007889790062366411
519,Nachos Cheese Dip & Sauce,4.81,56,"Appetizer, Dip",0.00788686206189793
233,Self Saucing Butterscotch Pudding,4.88,55,Dessert,0.00785875325740052
327,Lemon Potato Salad,4.97,54,10 mins,0.007858167657306825
329,Chinese Chicken Salad,4.97,54,Salad,0.007858167657306825
122,Salted Caramel-Stuffed Brownies,4.97,54,Sweet,0.007858167657306825
401,Chocolate Cream Pie,4.95,54,55 mins,0.007826545252247241
413,Chocolate Self Saucing Pudding,4.99,53,40 mins,0.007743682838989255
314,5 Ingredient Chocolate Peanut Butter Bars (NO BAKE!),4.97,53,15 mins,0.007712646034023365
251,Chicken Stew (Casserole),4.97,52,Mains,0.007567124410739905
238,White Chicken Lasgana,4.97,52,Mains,0.007567124410739905
473,"KFC Oven Baked ""Fried"" Chicken Tenders",4.95,52,40 mins,0.007536673205867714
278,Broccoli Chicken Fritters,4.93,52,Mains,0.00750622200099552
387,Cheesy Chicken Mince Fritters with Broccoli,4.91,52,"Appetiser, Main Course",0.0074757707961233275
421,Sweet and Sour Chicken Stir Fry,4.91,52,"Dinner, Stir Fry",0.0074757707961233275
326,Homemade Filet-O-Fish Burger (BAKED!),4.99,51,35 mins,0.007451468392234943
433,Lemon Rice Pilaf,4.99,51,30 mins,0.007451468392234943
95,Ratatouille (French Vegetable Stew),4.97,51,"Light mains, Main, Sides",0.007421602787456446
382,Creamy Zucchini Soup,4.93,51,20 mins,0.007361871577899452
249,Baked Spaghetti,5.0,50,Mains,0.007320001171200187
170,An excellent No Yeast Pizza Dough - quick easy homemade pizza!,4.99,50,Main,0.007305361168857787
480,White Chicken Enchiladas,4.96,50,"Chicken, Dinner",0.007261441161830586
81,French Lemon Tart – Tarte au Citron,4.88,50,"Sweet, Sweet Baking",0.007144321143091383
493,Nutella Stuffed Pancakes,4.88,50,30 mins,0.007144321143091383
195,Restaurant Style Chinese Broccoli with Oyster Sauce,4.96,49,"Side, Vegetables",0.007116212338593974
338,Steak with Creamy Peppercorn Sauce,4.92,49,12 mins,0.007058823529411764
79,Malfatti (Italian Spinach Ricotta Dumplings in Napoli Sauce),4.88,49,Mains,0.007001434720229556
6,Easiest Ever Raspberry Jam Bars,4.88,49,Dessert,0.007001434720229556
496,Thai Grilled Chicken (Gai Yang),4.96,48,"Barbecue, BBQ, Chicken, Grilling",0.006970983515357362
438,Pikelets,4.9,48,Breakfast,0.006886657101865137
237,Avocado Chicken Burgers,4.98,47,Mains,0.0068532778965244645
66,Really good Fish Cakes,4.94,47,Main,0.006798231487717038
482,One Skillet Oven Baked Chicken Shawarma and Rice Pilaf,4.94,47,"Chicken, Dinner, One Pot",0.006798231487717038
71,Mushroom Stuffed Chicken Breast,4.82,48,Mains,0.006774221883875502
181,"Pupcakes! (dog cupcakes with ""frosting"")",5.0,46,Dog Treats,0.0067344010775041725
331,Strawberry Ice Cream (No Churn),5.0,46,1 hr 20 mins,0.0067344010775041725
279,Better-Than-Dominos Garlic Bread,4.98,46,Sides,0.006707463473194156
458,Satay Chicken Noodle Salad,4.96,46,20 mins,0.006680525868884139
248,Thai Fried Rice,4.96,46,Meals,0.006680525868884139
13,One Pot Chicken Risoni,4.96,46,"Dinner, One Pot",0.006680525868884139
47,Blueberry Bread Loaf,4.94,46,Sweets,0.006653588264574122
451,Parmesan Shortbread Biscuits,4.83,47,25 mins,0.006646853863496618
350,Kale and Quinoa Salad,5.0,45,Side,0.006588001054080169
16,Lunchbox pizza bread (quick),4.98,45,"Baking, Breads, Lunchbox, Snacks",0.006561649049863848
381,Oven Baked Rice and Vegetables,4.98,45,1 hr,0.006561649049863848
116,Carrot Cake Cupcakes with Cream Cheese Frosting,5.0,44,"Cupcakes, Sweet",0.006441601030656165
236,Emergency Chicken Rice Casserole,4.87,45,Mains,0.006416713026674084
223,Homemade French Onion Dip,4.94,44,"Dip, Party Food",0.0063643018182882915
290,Frittata Egg Muffins,5.0,43,"Breakfast, Snack",0.006295201007232161
99,Mushroom Soup,5.0,43,Soup,0.006295201007232161
495,Fettuccine Alfredo,5.0,43,Pasta,0.006295201007232161
88,Eggplant Parmigiana (Parmigiana di Melanzane),4.98,43,"Mains, Vegetarian",0.006270020203203233
165,Creamy Cinnamon Rice Pudding (really easy!),4.98,43,Dessert,0.006270020203203233
48,Baked Vegetable Frittata,4.98,43,"Breakfast, Brunch, Freezer Friendly, Lunchbox",0.006270020203203233
344,Easy Coconut Curry Sauce,4.96,43,Main Course,0.006244839399174304
429,Bacon Wrapped Chicken,4.96,43,40 mins,0.006244839399174304
506,Caribbean Rice with Peas (Beans),4.94,43,"Rice, Side",0.006219658595145376
203,Cauliflower Fried Rice,5.0,42,Sides,0.006148800983808158
369,WILD RICE SALAD,5.0,41,1 hr,0.006002400960384154
444,Chinese Fried Rice with Shrimp / Prawns,4.98,41,"Dinner, Side",0.005978391356542617
310,Creamy Corn Casserole,4.86,42,Sides,0.005976634556261529
109,Spanakopita,4.86,42,Mains,0.005976634556261529
143,Pasta alla Norma (Eggplant pasta),5.0,40,Mains,0.00585600093696015
247,How to cook steak – like a chef!,5.0,40,Mains,0.00585600093696015
457,Ripper Beef Nachos,4.98,40,"Dinner, Game Day, Party",0.005832576933212309
57,Thai Yellow Curry (from scratch!),4.95,40,Mains,0.005797440927590549
125,Vegetable Tagine,4.81,41,Mains,0.005774309723889555
490,One Pot Orzo / Risoni Bolognaise,4.93,40,"Dinner, One Pot, Pasta",0.005774016923842707
476,"No Yeast Cheese, Garlic and Herb Bread",4.91,40,50 mins,0.005750592920094867
323,Baklava,5.0,39,Sweet,0.0057096009135361465
87,Italian Almond Cookies (Ricciarelli) – gluten free!,5.0,39,Cookies,0.0057096009135361465
127,Blueberry Cake with Lemon Frosting,4.98,39,Cakes,0.005686762509882003
422,Vegetarian Mexican Lasagna,4.98,39,Dinner,0.005686762509882003
184,"Creamy Pasta Bake ""formula"" - make this with ANYTHING!",4.98,39,Mains,0.005686762509882003
355,Middle Eastern Spiced Chickpea Salad,4.95,39,"Lunch, Salad, Vegan",0.005652504904400785
353,Stir Fried Noodles with Peanut Sauce,4.95,39,8 mins,0.005652504904400785
197,45 Cal Creamy HEALTHY Soup!,4.95,39,"Mains, Soup",0.005652504904400785
227,Emergency Corn Chowder Soup,4.98,38,"Mains, Soup",0.005540948086551694
33,The most amazing avocado pasta salad,4.93,38,"Mains, Pasta, Salad meal, Side Dish",0.005485316077650571
34,Crispy Baked Chicken Drumsticks,4.9,38,Mains,0.0054519368723099
509,Green Mexican Rice (Coriander/Cilantro Rice - Arroz Verde),5.0,37,Rice,0.005416800866688139
50,Flan Pâtissier (French Custard Tart),4.98,37,Sweet Baking,0.0053951336632213865
277,Salmon Quiche,4.98,37,"Brunch, Mains",0.0053951336632213865
487,Shredded Sweet Soy Chicken Breast,4.82,38,"Chicken, Dinner",0.005362925658068106
431,Chicken in White Wine Cream Sauce,4.95,37,Dinner,0.005362632858021257
312,Sloppy Joes,5.0,36,Mains,0.005270400843264135
370,Pecan Pie,5.0,36,1 hr 30 mins,0.005270400843264135
309,Healthier Creamy Yogurt Salad Dressings,5.0,36,10 mins,0.005270400843264135
96,Four-Layer Drip Dog Birthday Cake,5.0,36,Dog Treats,0.005270400843264135
260,Chicken Nachos,4.98,36,Mains,0.005249319239891079
215,Spinach Beef Cannelloni (Manicotti),5.0,35,Mains,0.005124000819840131
21,Glass noodle salad (cellophane / bean thread noodles),4.98,35,"Light mains, Salad meal, Side Salad",0.005103504816560771
196,Dan Dan Noodles,4.98,35,Mains,0.005103504816560771
257,Crispy Grilled Shrimp (Prawns) with Lemon Butter Sauce,4.98,35,"BBQ, Mains",0.005103504816560771
398,Oven Baked Italian Meatballs,4.92,35,30 mins,0.0050420168067226885
140,Beef & Lentil Soup with vegetables,4.89,35,"Mains, Soups",0.0050112728018036476
55,Simple Bean Soup from El Bulli (world’s all time greatest restaurant!),4.86,35,Soup,0.004980528796884608
305,Prawn Mango Avocado Summer Salad with Lime Dressing,5.0,34,25 mins,0.004977600796416127
23,Chicken sandwiches,5.0,34,"Finger Food, Lunch, Party Food, picnic",0.004977600796416127
365,"Oven Baked Chicken with Rice Pilaf (Cranberry, Walnut and Apple)",4.98,34,1 hr 20 mins,0.004957690393230464
193,Momofuku Bossam (Korean Slow Cooked Pork Shoulder Roast),4.98,34,Mains,0.004957690393230464
39,Chicken Tagine,4.95,34,Main,0.004927824788451967
396,Thai Coconut Marinated Chicken,4.95,34,Main,0.004927824788451967
391,Easy Pumpkin Gnocchi with Sage Butter Sauce,4.78,35,"Mains, Starter",0.004898544783767166
5,Jalapeño popper stuffed chicken,4.89,34,Main,0.004868093578894972
514,Baked One Pot Mac and Cheese,5.0,33,"Baked, One Pot, Pasta",0.004831200772992123
386,Sesame Noodles,4.94,33,Side Dish,0.004773226363716219
447,Qeema Indian Curried Beef,4.94,33,Dinner,0.004773226363716219
392,Chicken Stir Fry with Rice Noodles,4.88,33,5 mins,0.0047152519544403125
399,Baked Balsamic Chicken,4.71,34,Dinner,0.004688899950223991
180,Pizza toppings,5.0,32,Mains,0.00468480074956812
35,Flourless Chocolate Brownies (gluten free),5.0,32,Dessert,0.00468480074956812
56,Thai Green Papaya Salad (Som Tum),5.0,32,"Side, Side Salad",0.00468480074956812
330,Chinese Ham Bone Rice Soup (Congee),4.82,33,Soup,0.004657277545164407
264,Creamy Mashed Cauliflower,4.94,32,Sides,0.0046285831405733025
405,Steak Sandwich,4.94,32,1 hr,0.0046285831405733025
254,Chow Mein Ramen Noodles,5.0,31,Mains,0.004538400726144116
406,Spicy Chilli Prawn Pasta (Shrimp),5.0,31,15 mins,0.004538400726144116
408,Oven Baked Chicken Quesadillas,4.97,31,Dinner,0.0045111703217872515
471,Greek Zucchini Tots,4.94,31,"Appetizer, Breakfast, Brunch, Dinner, Lunch",0.004483939917430387
114,Palak Paneer – Indian Spinach Curry with Homemade Fresh Cheese,4.94,31,"Curry, Mains",0.004483939917430387
420,Cauliflower and Chickpea Curry,4.91,31,"Curry, Dinner",0.004456709513073523
430,No Chop Roast Pumpkin Soup,4.88,31,1 hr 15 mins,0.004429479108716657
354,Peanut Sauce for Stir Fries,5.0,30,"Mains, Sauces",0.004392000702720112
136,Garlic Bread Leftover Turkey Pot Pie,5.0,30,Dinner,0.004392000702720112
62,Red Velvet Cupcakes with Cream Cheese Frosting,4.97,30,"Cupcakes, Sweet Baking",0.004365648698503792
500,Honey Mustard Baked Chicken with Potatoes & Bacon,4.94,30,1 hr 10 mins,0.0043392966942874716
161,Garlic Butter Roasted Mushrooms,5.0,29,"Mains, Side",0.0042456006792961085
304,Outrageous Nutella Brownies,5.0,29,50 mins,0.0042456006792961085
317,Persian Lamb Shanks,4.97,29,Mains,0.004220127075220332
483,Korean Beef Bowl (Bulgogi),4.97,28,"Dinner, Stir Fry",0.004074605451936872
219,"Duck Fat Potatoes – the world’s crispiest, BEST Roast Potatoes!",4.97,28,Sides,0.004074605451936872
259,Marinated Grilled Salmon,4.97,28,"BBQ/Grilling, Mains",0.004074605451936872
37,Teriyaki Salmon Noodles,4.93,28,Mains,0.0040418118466898955
478,Coconut Marinated Chicken (Grill or Stove),4.9,28,"Dinner, Grilling",0.004017216642754663
383,OSSO BUCO,4.9,28,Mains,0.004017216642754663
60,Baked Eggs with Mushrooms (Shirred Eggs),5.0,27,"Breakfast, Brunch, Light Meal",0.003952800632448101
253,Pizza Stuffed Mushrooms,5.0,27,Mains,0.003952800632448101
160,"Scrambled eggs - soft and creamy, just as they should be!",5.0,27,Breakfast,0.003952800632448101
210,Pumpkin Pie,5.0,27,"Baking, Dessert",0.003952800632448101
148,Chinese Rice Soup,5.0,27,"Mains, Soup",0.003952800632448101
412,Roasted Sweet Potato Salad,5.0,27,45 mins,0.003952800632448101
166,Sticky Grilled Chicken,5.0,27,"BBQ, Grilling, Mains",0.003952800632448101
270,Strawberry Avocado Salad,5.0,27,Side Salad,0.003952800632448101
92,Pide – Turkish Flat Bread / Pizza,4.97,27,"Breads, Flatbread, Mains, Snacks",0.003929083828653412
107,Nutella Cheesecake (No Bake),4.97,27,"Cakes, Sweet",0.003929083828653412
465,Sun Dried Tomato Pasta,4.93,27,30 mins,0.003897461423593827
85,Chicken Kiev,4.93,27,Mains,0.003897461423593827
410,Chinese Chicken Salad with Asian Peanut Salad Dressing,4.89,27,15 mins,0.003865839018534243
454,Easy Chinese Honey Sesame Chicken,4.86,27,Dinner,0.003842122214739554
463,Peruvian Chicken with Garlic Butter Rice,4.82,27,Dinner,0.00381049980967997
343,Prawn Risotto (Shrimp),5.0,26,35 mins,0.0038064006090240974
423,Creamy Dill Sauce with Salmon or Trout,5.0,26,15 mins,0.0038064006090240974
145,Fondant Slow-Roasted Sweet Potatoes – with Maple Butter Pecans,5.0,26,Sides,0.0038064006090240974
69,Roasted Vegetables,4.89,26,1 hr 40 mins,0.003722659795625567
74,Singapore Chilli Crab,5.0,25,Main,0.0036600005856000936
7,One-pan baked sausage & lentils,5.0,25,Main,0.0036600005856000936
28,Mini cheesecakes,5.0,25,Sweet Baking,0.0036600005856000936
497,One Tray Oven Baked Honey Chili Lime Salmon with Potatoes and Beans,4.96,25,50 mins,0.003630720580915293
432,Mini No Bake Nutella Cheesecake,4.92,25,20 mins,0.003601440576230492
80,“Poor Man’s Lobster” – Monkfish with Herb Browned Butter,5.0,24,"Fish, Main",0.00351360056217609
211,Smashed Cucumber Salad,5.0,24,Sides,0.00351360056217609
91,German Pork Knuckle (Schweinshaxe) – Slow Roasted with Crispy crackling!,5.0,24,Main,0.00351360056217609
485,Garlic Butter Cauliflower Pasta with Pangritata,5.0,24,25 mins,0.00351360056217609
97,Pistachio Pear Tart,5.0,24,Sweet Baking,0.00351360056217609
375,$2 Homemade Frozen Pizzas,5.0,24,Mains,0.00351360056217609
41,Baked Brie,5.0,24,"Appetizer, Starter",0.00351360056217609
164,"Lamb Chops with Rosemary Gravy (Loin chops, forequarter, cutlets)",5.0,24,Mains,0.00351360056217609
280,Caramelised Vietnamese Shredded Beef,4.96,24,Mains,0.003485491757678681
255,Chimichurri Steak,4.96,24,"Dinner, Sauce",0.003485491757678681
300,Peanut Butter Caramel Pie,4.92,24,35 mins,0.0034573829531812724
59,Fish with White Wine Sauce,4.92,24,"Fish, Main",0.0034573829531812724
32,"Hazelnut Olive Oil Cake (GF, DF)",4.72,25,Cake,0.0034550405528064885
434,Balsamic Pork Chops,4.88,24,Dinner,0.0034292741486838638
322,Easy Taco Soup,4.84,24,"Dinner, Soup",0.0034011653441864548
117,Molten Chocolate Cakes,5.0,23,"Dessert, Sweet",0.0033672005387520862
475,Chicken Meatloaf Wellington with Sun Dried Tomatoes,4.96,23,55 mins,0.0033402629344420694
318,Persian Saffron Rice (Tachin),4.96,23,Side,0.0033402629344420694
269,Noodle Salad With Creamy Sesame Peanut Dressing,5.0,22,"Noodles, Salad",0.0032208005153280825
129,Christmas Popcorn Candy,5.0,22,"Dessert, Sweet",0.0032208005153280825
70,Beef Satay with Thai Peanut Sauce,5.0,22,"Mains, Starter",0.0032208005153280825
84,Pakora (Indian Vegetable Fritters),5.0,22,"Appetiser, Light Meal, Starter",0.0032208005153280825
515,Strawberry Nutella French Toast Roll Ups,5.0,22,15 mins,0.0032208005153280825
416,Lemon Pepper Chicken,5.0,22,15 mins,0.0032208005153280825
168,"Chicken Salad - quick, easy, BIG!",4.96,22,Main Course,0.003195034111205458
267,Apple Crumble Bars,4.96,22,Sweet,0.003195034111205458
455,Turkish Lamb Kofta Kebabs,4.96,22,"BBQ, Dinner, Grilling",0.003195034111205458
265,Reuben Sandwich recipe!,4.96,22,Mains,0.003195034111205458
504,Cinnamon French Toast Bites,4.7,23,15 mins,0.0031651685064269615
31,Cinnamon Apple Bread,4.91,22,Sweet Baking,0.003162826106052177
12,Beef fried rice,4.87,22,Mains,0.0031370597019295524
332,Broccoli Salad with Lighter Creamy Dressing,5.0,21,15 mins,0.003074400491904079
68,Peach Cobbler,5.0,21,Sweet Baking,0.003074400491904079
363,Cheese and Ham Pancakes (Pikelets!),5.0,21,15 mins,0.003074400491904079
335,Caramel Self Saucing Baked Apples,5.0,21,40 mins,0.003074400491904079
207,Sausage Stuffing!,4.96,21,Sides,0.003049805287968846
30,Pasta Primavera,4.91,21,Mains,0.0030190612830498053
76,Fish Seasoning – for any fish,4.86,21,Main,0.0029883172781307644
442,Pineapple Coconut Hawaiian Chicken Skewers,4.81,21,"Barbecue, Dinner, Grilling",0.0029575732732117234
415,Creamier Blueberry Cheesecake Bars (BAKED),4.77,21,35 mins,0.0029329780692764905
364,Never Ending Meringue Tranche (1.6 metres / 5.2 ft),5.0,20,1 hr 15 mins,0.002928000468480075
402,Pan Fried Gnocchi with Pumpkin & Spinach,4.91,20,35 mins,0.0028752964600474336
453,Fluffy Ricotta Pancakes,4.91,20,45 mins,0.0028752964600474336
295,JUICY Pesto Pasta!,5.0,19,"Mains, Pasta",0.0027816004450560714
113,Samosa Recipe,5.0,19,"Appetiser, Starter",0.0027816004450560714
72,Madeleines,5.0,19,Sweet,0.0027816004450560714
505,Leftover Pasta Fritters,4.9,19,15 mins,0.00272596843615495
499,Grilled Mexican Corn with Chipotle Adobo Sauce (Mexicano Restaurant Copycat),4.85,19,"Grilling, Sides",0.002698152431704389
104,"Beetroot Cured Salmon (Gin or Vodka, Gravlax)",5.0,18,Starter,0.0026352004216320677
424,Broccoli Salad with Sour Cream Dressing,5.0,18,18 mins,0.0026352004216320677
82,Lentil Ragout – French Puy lentil side dish,4.95,18,"Salad, Side",0.002608848417415747
315,Frittata,4.95,18,25 mins,0.002608848417415747
461,Italian Meatloaf with Marinara Sauce,4.84,18,Dinner,0.0025508740081398415
452,Creamy Salmon Risoni / Orzo (15 Minute Meal),4.84,18,15 mins,0.0025508740081398415
198,Cucumber Salad with Herb & Garlic Dressing (Vinaigrette),5.0,17,Side Dish,0.0024888003982080635
131,Rosemary Crumbed Rack of Lamb,5.0,17,Main,0.0024888003982080635
217,Amazing CRISPY Parmesan Garlic Roasted Brussels Sprouts,5.0,17,Sides,0.0024888003982080635
89,German Potato Salad,4.95,17,Side,0.0024639123942259834
226,Sicilian Chicken Spaghetti,4.89,17,"Mains, Pasta",0.002434046789447486
441,Baked Italian Chicken with Potatoes,4.83,17,Baked,0.0024041811846689893
29,Creamy Feta Dip,5.0,16,"Appetiser, Dip, Party Food",0.00234240037478406
18,Chorizo chickpea stew (fast),5.0,16,Mains,0.00234240037478406
65,Ayam Goreng (Malaysian Fried Chicken),5.0,16,Mains,0.00234240037478406
86,Golden Turmeric Fish (Indonesian baked fish recipe),5.0,16,"Fish, Mains",0.00234240037478406
98,Pâte Sucrée – French Sweet Tart Crust (pastry dough),5.0,16,Sweet Baking,0.00234240037478406
298,Homemade Thai Green Curry Paste,4.94,16,Mains,0.0023142915702866512
428,Nutella Crepes,4.94,16,Breakfast,0.0023142915702866512
523,Zucchini Tian (Naturally Healthy),4.94,16,"Midweek Meal, Rice, Side",0.0023142915702866512
123,Greek Butterflied Lamb Leg,4.94,16,"BBQ/Grilling, Mains",0.0023142915702866512
3,Cheesecake stuffed carrot bundt cake,5.0,15,"Cake, Sweet Baking",0.002196000351360056
102,Red Potato Salad with Bacon and Corn (No mayonnaise!),4.94,15,Side Dish,0.0021696483471437358
474,No Bowl Chocolate Nut Bars,4.94,15,40 mins,0.0021696483471437358
119,Chicken Pasta Salad with Creamy Dressing,4.94,15,"Lunch, Pasta, Salad meal",0.0021696483471437358
507,Baked Apple Pie Fries with Salted Caramel Dipping Sauce,4.94,15,40 mins,0.0021696483471437358
407,Rosemary Garlic Grilled Lamb Chops,4.87,15,15 mins,0.002138904342224695
64,Café de Paris – Steak butter sauce,4.87,15,"Main, Sauce",0.002138904342224695
484,"Bacon, Egg and Mushroom Tart (Puff Pastry)",5.0,14,35 mins,0.0020496003279360524
486,Chorizo Baked Beans on Toast,5.0,14,25 mins,0.0020496003279360524
526,8 simple Italian Pasta Recipes,5.0,14,"Mains, Pasta",0.0020496003279360524
54,Chicken stock recipe,5.0,14,stocks,0.0020496003279360524
51,Pearl Barley Soup,5.0,14,Soup,0.0020496003279360524
194,KFC Potato and Gravy,5.0,14,Sides,0.0020496003279360524
167,Gado Gado (Indonesian Salad with Peanut Sauce),4.93,14,"Main Course, Side Salad",0.0020209059233449477
216,Easy Chocolate Truffles,4.93,14,"Gift, Sweet",0.0020209059233449477
467,Blackened Fish Tacos,4.79,14,Dinner,0.0019635171141627384
498,Breakfast Enchiladas,5.0,13,30 mins,0.0019032003045120487
78,Sweet Potato Bake,5.0,13,Side Dish,0.0019032003045120487
492,Bacon Wrapped Hot Dogs with Cheese Sauce,5.0,13,"BBQ, Grilling, Party Food",0.0019032003045120487
520,Slow Cooker Beef and Broccoli,5.0,13,"Main, Slow Cooker",0.0019032003045120487
10,Cheesy baked Mexican beef and beans,5.0,13,Main,0.0019032003045120487
2,The Sweet Potato Soup,5.0,13,Soup,0.0019032003045120487
472,Shredded Beef Burritos,4.93,13,"Freezer Friendly, Mains",0.00187655550024888
462,Easy Chicken Noodle Soup,4.93,13,Soup,0.00187655550024888
26,Mashed Potato Casserole,4.93,13,"Potatoes, Side Dish",0.00187655550024888
443,Coconut Coriander (Cilantro) Lime Rice,4.85,13,25 mins,0.0018461042953766872
17,Gazpacho,5.0,12,"Light mains, Mains, Soup",0.001756800281088045
448,Brown Sugar Broiled Salmon,5.0,12,Dinner,0.001756800281088045
512,Man Candy: Candied Bacon and Nuts,5.0,12,35 mins,0.001756800281088045
118,Nicoise Salad (French salad with tuna),5.0,12,Salad meal,0.001756800281088045
459,Honey Sriracha Chicken Skewers,5.0,12,"BBQ, Dinner",0.001756800281088045
174,Creamy Cucumber Salad with Lemon Yogurt Dressing,5.0,12,Sides,0.001756800281088045
15,Mango pancakes,5.0,12,Dessert,0.001756800281088045
469,Garlic Bread Mini Pizzas (Muffin Tin),5.0,12,25 mins,0.001756800281088045
244,Salmon Salad with Asian Ginger Sesame Dressing,5.0,12,"Light Meal, Lunch, Mains",0.001756800281088045
367,Prawn Mango and Avocado Salad with Noodles,4.92,12,15 mins,0.0017286914765906362
115,Homemade Paneer (Fresh Indian Cottage Cheese),4.92,12,Mains,0.0017286914765906362
411,Chinese Steamed Fish with Ginger Shallot Sauce,4.92,12,Dinner,0.0017286914765906362
73,Ottolenghi’s Green Bean Salad,4.84,12,Side Salad,0.0017005826720932274
103,Easter Cake,4.75,12,"Cake, Easter",0.0016689602670336427
481,Crispy Cheesy Sausage Hash Browns,5.0,11,28 mins,0.0016104002576640413
446,Mexican Grilled Chicken Tacos,5.0,11,Dinner,0.0016104002576640413
489,Cheese and Bacon Bread Boats,5.0,11,25 mins,0.0016104002576640413
212,Green Bean Casserole,5.0,11,Western,0.0016104002576640413
456,Cajun Blackened Fish {+ Video},5.0,11,"Dinner, Seafood",0.0016104002576640413
139,Leftover Celery Salad,5.0,11,Side Dish,0.0016104002576640413
11,Pesto pasta salad,5.0,11,"cold pasta salad, Mains, pasta salad",0.0016104002576640413
488,Smoked Salmon and Egg Breakfast Mille-feuille,5.0,11,30 mins,0.0016104002576640413
105,Rack of Lamb with Rosemary Garlic Marinade (Oven Roasted),5.0,11,Mains,0.0016104002576640413
388,San Fran Chicken Salad with Yoghurt Ranch Dressing,4.91,11,5 mins,0.0015814130530260886
518,Bacon French Toast Roll Ups,4.91,11,15 mins,0.0015814130530260886
524,Giant Hash Brown,4.82,11,25 mins,0.0015524258483881359
491,Lemon Garlic Baked Ricotta,4.82,11,20 mins,0.0015524258483881359
516,Chinese Zucchini Pancakes,4.64,11,"Breakfast, Starter",0.0014944514391122302
130,Yotam Ottolenghi’s Cauliflower Salad,5.0,10,Salad,0.0014640002342400375
24,Eclairs,5.0,10,Dessert,0.0014640002342400375
513,Grilled Eggplant with Yoghurt Sauce,5.0,10,"Main, Side",0.0014640002342400375
52,Honey Prawns – stays crispy for ages!,5.0,10,Mains,0.0014640002342400375
90,German Cucumber Salad,5.0,10,Side Salad,0.0014640002342400375
83,Warm French Goat’s Cheese Salad (Salade de Chêvre Chaud),5.0,10,"Appetiser, Salad, Salad meal, Side Salad",0.0014640002342400375
14,Chicken banh mi (Vietnamese sandwich),4.91,10,Sandwich,0.0014376482300237168
245,Steamed Mussels,4.8,10,20 mins,0.001405440224870436
417,Cheese and Bacon Dip,5.0,9,35 mins,0.0013176002108160338
477,Browned Butter Garlic Prawns with Cauliflower Puree,5.0,9,20 mins,0.0013176002108160338
9,AMAZING vegetarian lettuce wraps,5.0,9,"Light mains, Main, Starter",0.0013176002108160338
38,Honey Cake,5.0,9,Cake,0.0013176002108160338
376,SPICY ITALIAN CHICKEN CASSEROLE,5.0,9,20 mins,0.0013176002108160338
189,Cherry Tomato Salad,4.89,9,"Sides, Vegetables",0.001288613006178081
435,Jalapeno Popper Dip,4.89,9,"Appetizer, Dip, Party Food",0.001288613006178081
63,Panzanella (Italian tomato and bread salad),5.0,8,Side Salad,0.00117120018739203
501,Red Velvet Cookies,5.0,8,35 mins,0.00117120018739203
108,"Egg White Omelette (Fluffy, Soufflé-style)",5.0,8,Breakfast,0.00117120018739203
93,Tuna Steak,5.0,8,Main,0.00117120018739203
510,Mexican Breakfast Tacos (Chorizo and Egg),5.0,8,"Breakfast, Brunch",0.00117120018739203
307,Real Tomato and Basil Bruschetta,5.0,8,"Appetizer, Starter",0.00117120018739203
464,Sausage & Bacon Country Breakfast Casserole,5.0,8,1 hr,0.00117120018739203
142,Brussels Sprouts in Creamy Carbonara Sauce – with bacon!,5.0,8,Sides,0.00117120018739203
101,Apple Sauce,4.88,8,Sauce,0.0011430913828946213
134,Spring Salad with Goats Cheese,4.88,8,Side Salad,0.0011430913828946213
25,Chantilly cream (with stabilised whipped cream option),4.5,8,Dessert,0.001054080168652827
36,My favourite Tomato Salad,5.0,7,Side Salad,0.0010248001639680262
153,Creamy Avocado Dressing,5.0,7,Side Salad,0.0010248001639680262
460,Tuna Tartare with Lychees,5.0,7,"Appetizer, Starter",0.0010248001639680262
137,Baby Potatoes with Butter & Fresh Herbs,5.0,7,Side Dish,0.0010248001639680262
75,Cold Corn Soup for Summer,5.0,7,"canape, Main, Starter",0.0010248001639680262
508,Spicy Parmesan Party Popcorn,5.0,7,15 mins,0.0010248001639680262
126,Couscous,5.0,7,Side Dish,0.0010248001639680262
220,Asian Side Salad,5.0,6,Sides,0.0008784001405440225
100,Homemade Vegetable Stock,5.0,6,2 hrs,0.0008784001405440225
133,Roasted Asparagus,5.0,6,"Side Dish, Side Salad",0.0008784001405440225
49,Crispy Skin Fish,4.84,6,"Fish, Main",0.0008502913360466137
521,Freezer Friendly Mexican Meals,5.0,5,Make Ahead Freezer Friendly Mexican Meals,0.0007320001171200188
4,Jewelled rice pilaf,5.0,5,Side Dish,0.0007320001171200188
0,Vietnamese pork noodle bowls (bun thit nuong),5.0,5,Main,0.0007320001171200188
202,Fennel Salad with Lemon Dressing and Parmesan,5.0,5,Salad,0.0007320001171200188
404,Chocolate Covered Strawberries,5.0,5,Sweet,0.0007320001171200188
1,Vietnamese Lemongrass Pork steaks (tenderised!),5.0,5,Main,0.0007320001171200188
427,Spanish Tortilla (Omelette),4.8,5,"Breakfast, Brunch, Tapas",0.000702720112435218
132,Tomato Salad with Olive Tapenade,4.8,5,Side Salad,0.000702720112435218
120,Heather’s Hot Buffalo Chicken Dip,4.6,5,"Appetizer, Dips",0.0006734401077504173
418,Brussel Sprout Salad,5.0,4,25 mins,0.000585600093696015
522,Greek Lamb and Salad Dinner,5.0,4,Dinner,0.000585600093696015
138,Peach Salad,5.0,4,Side Salad,0.000585600093696015
205,Celebration Fruit Punch!,5.0,4,Cocktails,0.000585600093696015
256,Grilled Garlic Bread,5.0,4,Sides,0.000585600093696015
306,25 BEST Party Food Recipes!,5.0,4,15 mins,0.000585600093696015
409,Pomegranate Molasses Dressing,5.0,3,Nagi | RecipeTin Eats,0.00043920007027201124
42,Cosmopolitan Cocktails,5.0,3,Cocktails,0.00043920007027201124
94,Sauce Vierge (fresh French sauce / salsa),5.0,3,Sauce,0.00043920007027201124
106,Salsa Verde recipe,4.67,3,Sauce,0.0004102128656340585
229,Espresso Martini,5.0,2,Cocktails,0.0002928000468480075
135,Spicy Joint’s Creamy Sesame Sauce with Lettuce Salad,4.5,2,Side Salad,0.00026352004216320673
