,Name,Rating,Votes,Course
0,Vietnamese pork noodle bowls (bun thit nuong),5,5,Main
1,Vietnamese Lemongrass Pork steaks (tenderised!),5,5,Main
2,The Sweet Potato Soup,5,13,Soup
3,Cheesecake stuffed carrot bundt cake,5,15,"Cake, Sweet Baking"
4,Jewelled rice pilaf,5,5,Side Dish
5,Jalapeño popper stuffed chicken,4.89,34,Main
6,Easiest Ever Raspberry Jam Bars,4.88,49,Dessert
7,One-pan baked sausage & lentils,5,25,Main
8,Easy Lemon Coconut Almond Cake,4.96,72,"Cake, Sweet Baking"
9,AMAZING vegetarian lettuce wraps,5,9,"Light mains, Main, Starter"
10,Cheesy baked Mexican beef and beans,5,13,Main
11,Pesto pasta salad,5,11,"cold pasta salad, Mains, pasta salad"
12,Beef fried rice,4.87,22,Mains
13,One Pot Chicken Risoni,4.96,46,"Dinner, One Pot"
14,Chicken banh mi (Vietnamese sandwich),4.91,10,Sandwich
15,Mango pancakes,5,12,Dessert
16,Lunchbox pizza bread (quick),4.98,45,"Baking, Breads, Lunchbox, Snacks"
17,Gazpacho,5,12,"Light mains, Mains, Soup"
18,Chorizo chickpea stew (fast),5,16,Mains
19,Pearl Couscous Salad,4.97,65,Dinner
20,Truly Crispy Oven Baked Buffalo Wings,4.96,318,"Chicken Wings, Party Food"
21,Glass noodle salad (cellophane / bean thread noodles),4.98,35,"Light mains, Salad meal, Side Salad"
22,Salisbury steak meatballs with mushroom gravy,4.95,59,Mains
23,Chicken sandwiches,5,34,"Finger Food, Lunch, Party Food, picnic"
24,Eclairs,5,10,Dessert
25,Chantilly cream (with stabilised whipped cream option),4.50,8,Dessert
26,Mashed Potato Casserole,4.93,13,"Potatoes, Side Dish"
27,Firecracker Beef,4.92,57,Main
28,Mini cheesecakes,5,25,Sweet Baking
29,Creamy Feta Dip,5,16,"Appetiser, Dip, Party Food"
30,Pasta Primavera,4.91,21,Mains
31,Cinnamon Apple Bread,4.91,22,Sweet Baking
32,"Hazelnut Olive Oil Cake (GF, DF)",4.72,25,Cake
33,The most amazing avocado pasta salad,4.93,38,"Mains, Pasta, Salad meal, Side Dish"
34,Crispy Baked Chicken Drumsticks,4.90,38,Mains
35,Flourless Chocolate Brownies (gluten free),5,32,Dessert
36,My favourite Tomato Salad,5,7,Side Salad
37,Teriyaki Salmon Noodles,4.93,28,Mains
38,Honey Cake,5,9,Cake
39,Chicken Tagine,4.95,34,Main
40,Chicken Shawarma (Middle Eastern),4.99,357,Chicken
41,Baked Brie,5,24,"Appetizer, Starter"
42,Cosmopolitan Cocktails,5,3,Cocktails
43,Baked Mac and Cheese,4.99,442,Side
44,Cheesy Potato Gratin Stacks (Muffin Tin),4.98,89,"Finger Food, Side"
45,Pad See Ew – Thai Stir Fried Noodles,4.93,271,"Noodles, Stir Fry"
46,Bangers & Mash (Sausage with Onion Gravy),5,73,Dinner
47,Blueberry Bread Loaf,4.94,46,Sweets
48,Baked Vegetable Frittata,4.98,43,"Breakfast, Brunch, Freezer Friendly, Lunchbox"
49,Crispy Skin Fish,4.84,6,"Fish, Main"
50,Flan Pâtissier (French Custard Tart),4.98,37,Sweet Baking
51,Pearl Barley Soup,5,14,Soup
52,Honey Prawns – stays crispy for ages!,5,10,Mains
53,Chicken Fricassée (French creamy chicken stew),4.95,92,"Main, Main Course"
54,Chicken stock recipe,5,14,stocks
55,Simple Bean Soup from El Bulli (world’s all time greatest restaurant!),4.86,35,Soup
56,Thai Green Papaya Salad (Som Tum),5,32,"Side, Side Salad"
57,Thai Yellow Curry (from scratch!),4.95,40,Mains
58,Chocolate Muffins,4.93,99,"Muffin, Sweet"
59,Fish with White Wine Sauce,4.92,24,"Fish, Main"
60,Baked Eggs with Mushrooms (Shirred Eggs),5,27,"Breakfast, Brunch, Light Meal"
61,Smoked Sausage and Rice – easy one pot dinner!,4.93,94,Main
62,Red Velvet Cupcakes with Cream Cheese Frosting,4.97,30,"Cupcakes, Sweet Baking"
63,Panzanella (Italian tomato and bread salad),5,8,Side Salad
64,Café de Paris – Steak butter sauce,4.87,15,"Main, Sauce"
65,Ayam Goreng (Malaysian Fried Chicken),5,16,Mains
66,Really good Fish Cakes,4.94,47,Main
67,Emergency “Dump ‘n Bake” Fried Rice,4.95,141,"Rice, Side Dish"
68,Peach Cobbler,5,21,Sweet Baking
69,Roasted Vegetables,4.89,26,1 hr 40 mins
70,Beef Satay with Thai Peanut Sauce,5,22,"Mains, Starter"
71,Mushroom Stuffed Chicken Breast,4.82,48,Mains
72,Madeleines,5,19,Sweet
73,Ottolenghi’s Green Bean Salad,4.84,12,Side Salad
74,Singapore Chilli Crab,5,25,Main
75,Cold Corn Soup for Summer,5,7,"canape, Main, Starter"
76,Fish Seasoning – for any fish,4.86,21,Main
77,Oatmeal Raisin Cookie (Soft & Chewy),4.93,93,Cookie
78,Sweet Potato Bake,5,13,Side Dish
79,Malfatti (Italian Spinach Ricotta Dumplings in Napoli Sauce),4.88,49,Mains
80,“Poor Man’s Lobster” – Monkfish with Herb Browned Butter,5,24,"Fish, Main"
81,French Lemon Tart – Tarte au Citron,4.88,50,"Sweet, Sweet Baking"
82,Lentil Ragout – French Puy lentil side dish,4.95,18,"Salad, Side"
83,Warm French Goat’s Cheese Salad (Salade de Chêvre Chaud),5,10,"Appetiser, Salad, Salad meal, Side Salad"
84,Pakora (Indian Vegetable Fritters),5,22,"Appetiser, Light Meal, Starter"
85,Chicken Kiev,4.93,27,Mains
86,Golden Turmeric Fish (Indonesian baked fish recipe),5,16,"Fish, Mains"
87,Italian Almond Cookies (Ricciarelli) – gluten free!,5,39,Cookies
88,Eggplant Parmigiana (Parmigiana di Melanzane),4.98,43,"Mains, Vegetarian"
89,German Potato Salad,4.95,17,Side
90,German Cucumber Salad,5,10,Side Salad
91,German Pork Knuckle (Schweinshaxe) – Slow Roasted with Crispy crackling!,5,24,Main
92,Pide – Turkish Flat Bread / Pizza,4.97,27,"Breads, Flatbread, Mains, Snacks"
93,Tuna Steak,5,8,Main
94,Sauce Vierge (fresh French sauce / salsa),5,3,Sauce
95,Ratatouille (French Vegetable Stew),4.97,51,"Light mains, Main, Sides"
96,Four-Layer Drip Dog Birthday Cake,5,36,Dog Treats
97,Pistachio Pear Tart,5,24,Sweet Baking
98,Pâte Sucrée – French Sweet Tart Crust (pastry dough),5,16,Sweet Baking
99,Mushroom Soup,5,43,Soup
100,Homemade Vegetable Stock,5,6,2 hrs
101,Apple Sauce,4.88,8,Sauce
102,Red Potato Salad with Bacon and Corn (No mayonnaise!),4.94,15,Side Dish
103,Easter Cake,4.75,12,"Cake, Easter"
104,"Beetroot Cured Salmon (Gin or Vodka, Gravlax)",5,18,Starter
105,Rack of Lamb with Rosemary Garlic Marinade (Oven Roasted),5,11,Mains
106,Salsa Verde recipe,4.67,3,Sauce
107,Nutella Cheesecake (No Bake),4.97,27,"Cakes, Sweet"
108,"Egg White Omelette (Fluffy, Soufflé-style)",5,8,Breakfast
109,Spanakopita,4.86,42,Mains
110,Pineapple Upside Down Cake,4.99,93,Cake
111,Focaccia recipe,4.98,116,Breads
112,My Favourite Quinoa Salad,4.99,54,"Light mains, Salad meal, Side Salad"
113,Samosa Recipe,5,19,"Appetiser, Starter"
114,Palak Paneer – Indian Spinach Curry with Homemade Fresh Cheese,4.94,31,"Curry, Mains"
115,Homemade Paneer (Fresh Indian Cottage Cheese),4.92,12,Mains
116,Carrot Cake Cupcakes with Cream Cheese Frosting,5,44,"Cupcakes, Sweet"
117,Molten Chocolate Cakes,5,23,"Dessert, Sweet"
118,Nicoise Salad (French salad with tuna),5,12,Salad meal
119,Chicken Pasta Salad with Creamy Dressing,4.94,15,"Lunch, Pasta, Salad meal"
120,Heather’s Hot Buffalo Chicken Dip,4.60,5,"Appetizer, Dips"
121,Beef Bourguignon (Beef Burgundy),4.99,89,"Main, Stew"
122,Salted Caramel-Stuffed Brownies,4.97,54,Sweet
123,Greek Butterflied Lamb Leg,4.94,16,"BBQ/Grilling, Mains"
124,12 Minute Thai Chicken Peanut Noodles,4.89,92,Mains
125,Vegetable Tagine,4.81,41,Mains
126,Couscous,5,7,Side Dish
127,Blueberry Cake with Lemon Frosting,4.98,39,Cakes
128,Crispy Beer Battered Fish,4.99,84,Mains
129,Christmas Popcorn Candy,5,22,"Dessert, Sweet"
130,Yotam Ottolenghi’s Cauliflower Salad,5,10,Salad
131,Rosemary Crumbed Rack of Lamb,5,17,Main
132,Tomato Salad with Olive Tapenade,4.80,5,Side Salad
133,Roasted Asparagus,5,6,"Side Dish, Side Salad"
134,Spring Salad with Goats Cheese,4.88,8,Side Salad
135,Spicy Joint’s Creamy Sesame Sauce with Lettuce Salad,4.50,2,Side Salad
136,Garlic Bread Leftover Turkey Pot Pie,5,30,Dinner
137,Baby Potatoes with Butter & Fresh Herbs,5,7,Side Dish
138,Peach Salad,5,4,Side Salad
139,Leftover Celery Salad,5,11,Side Dish
140,Beef & Lentil Soup with vegetables,4.89,35,"Mains, Soups"
141,No-Stir Creamy Lemon & Herb Baked Risotto (it’s magic!),4.99,61,Sides
142,Brussels Sprouts in Creamy Carbonara Sauce – with bacon!,5,8,Sides
143,Pasta alla Norma (Eggplant pasta),5,40,Mains
144,Char Siu Pork – Chinese BBQ Pork,4.97,274,Roast
145,Fondant Slow-Roasted Sweet Potatoes – with Maple Butter Pecans,5,26,Sides
146,Chicken with Creamy Mushroom Sauce,4.98,105,Mains
147,Cheese & Bacon Breakfast Strata Cake (Breakfast Casserole!),4.98,89,Breakfast
148,Chinese Rice Soup,5,27,"Mains, Soup"
149,Creamy Garlic Prawns (Shrimp),4.99,68,"Mains, Starters"
150,Ceviche,4.99,693,"Appetiser, Light Meal"
151,Crustless Quiche - Ham and Cheese,4.99,61,"Breakfast, Brunch"
152,Mushroom Pasta,4.97,101,Pasta
153,Creamy Avocado Dressing,5,7,Side Salad
154,Strawberry Cake (really easy cake recipe),4.98,74,Cake
155,Chicken Broccoli Stir Fry (extra sauce!),4.94,83,"Mains, Stir Fries"
156,Crumpet recipe,4.99,155,"Bread, Breakfast"
157,Roasted Eggplant Lentil Salad (Aubergine Salad),5,65,"Mains, Side Salad"
158,Oven roasted eggplant (aubergine),5,63,"Sides, Vegetables"
159,Gravy Baked Chicken (thighs & drumsticks) - 5 min prep!,4.98,168,Mains
160,"Scrambled eggs - soft and creamy, just as they should be!",5,27,Breakfast
161,Garlic Butter Roasted Mushrooms,5,29,"Mains, Side"
162,Minestrone Soup,4.96,66,"Mains, Soup"
163,Crispy Baked Shrimp in Lemon Butter Sauce (Prawns),4.99,54,Mains
164,"Lamb Chops with Rosemary Gravy (Loin chops, forequarter, cutlets)",5,24,Mains
165,Creamy Cinnamon Rice Pudding (really easy!),4.98,43,Dessert
166,Sticky Grilled Chicken,5,27,"BBQ, Grilling, Mains"
167,Gado Gado (Indonesian Salad with Peanut Sauce),4.93,14,"Main Course, Side Salad"
168,"Chicken Salad - quick, easy, BIG!",4.96,22,Main Course
169,Greek Marinated Chickpea Salad,4.96,61,"Main Course, Salad"
170,An excellent No Yeast Pizza Dough - quick easy homemade pizza!,4.99,50,Main
171,Chinese Noodle Soup,4.98,113,Soup
172,Greek Chicken Gyros with Tzaziki,4.99,369,"Dinner, Entertaining, Grilling, Lunch"
173,Meatloaf recipe,4.97,337,Main
174,Creamy Cucumber Salad with Lemon Yogurt Dressing,5,12,Sides
175,Cinnamon Apple Teacake,4.96,61,Cakes
176,Cottage Pie,4.98,228,Dinner
177,Caesar Salad - with homemade Caesar Salad Dressing,4.98,73,"Dinner, Salad"
178,Swedish Meatballs (homemade Ikea Meatballs),4.94,197,Mains
179,Sandwich Bread WITHOUT Yeast! (Dead easy),4.95,128,Breads
180,Pizza toppings,5,32,Mains
181,"Pupcakes! (dog cupcakes with ""frosting"")",5,46,Dog Treats
182,Oven Baked Chicken and Rice,4.93,477,Dinner
183,Hot Cross Buns recipe,4.99,477,Dessert
184,"Creamy Pasta Bake ""formula"" - make this with ANYTHING!",4.98,39,Mains
185,Easy Chocolate Brownies,4.96,124,Sweets
186,Beef and Guinness Stew,4.99,290,"Dinner, Stew"
187,Vegetable Beef Soup (Fall apart beef!),5,100,"Mains, Soups"
188,Caramel Slice,4.99,209,Sweet
189,Cherry Tomato Salad,4.89,9,"Sides, Vegetables"
190,Mediterranean Chicken Dinner,4.85,82,Dinner
191,Rogan Josh (Indian Lamb Curry),4.98,150,Mains
192,Slow Cooker Beef Stroganoff,4.85,99,Mains
193,Momofuku Bossam (Korean Slow Cooked Pork Shoulder Roast),4.98,34,Mains
194,KFC Potato and Gravy,5,14,Sides
195,Restaurant Style Chinese Broccoli with Oyster Sauce,4.96,49,"Side, Vegetables"
196,Dan Dan Noodles,4.98,35,Mains
197,45 Cal Creamy HEALTHY Soup!,4.95,39,"Mains, Soup"
198,Cucumber Salad with Herb & Garlic Dressing (Vinaigrette),5,17,Side Dish
199,Pot Roast,4.97,144,"Mains, Slow Cooker"
200,Mushroom Risotto,5,87,"Mains, Starter"
201,Fish Tacos,4.90,89,Dinner
202,Fennel Salad with Lemon Dressing and Parmesan,5,5,Salad
203,Cauliflower Fried Rice,5,42,Sides
204,Filipino Chicken Adobo (Flavour Kapow!),4.92,208,Chicken
205,Celebration Fruit Punch!,5,4,Cocktails
206,Tuna Mornay (Creamy Tuna Casserole Pasta Bake),4.98,75,Mains
207,Sausage Stuffing!,4.96,21,Sides
208,Cornbread recipe (creamed corn),4.97,94,"Bread, Side"
209,Moist Blueberry Muffins,4.94,124,Sweet Baking
210,Pumpkin Pie,5,27,"Baking, Dessert"
211,Smashed Cucumber Salad,5,24,Sides
212,Green Bean Casserole,5,11,Western
213,Spaghetti Bolognese,5,261,Dinner
214,Pulled Pork with BBQ Sauce - easy slow cooker recipe,4.99,72,Mains
215,Spinach Beef Cannelloni (Manicotti),5,35,Mains
216,Easy Chocolate Truffles,4.93,14,"Gift, Sweet"
217,Amazing CRISPY Parmesan Garlic Roasted Brussels Sprouts,5,17,Sides
218,Vietnamese Noodles with Lemongrass Chicken,4.98,171,Noodles
219,"Duck Fat Potatoes – the world’s crispiest, BEST Roast Potatoes!",4.97,28,Sides
220,Asian Side Salad,5,6,Sides
221,Chicken Fried Rice,4.98,80,"Main, Side"
222,How to cook rice – perfectly and easily,5,72,Side
223,Homemade French Onion Dip,4.94,44,"Dip, Party Food"
224,One Pot Chili Mac and Cheese,4.98,144,Main
225,Thai Chilli Basil Chicken,4.95,117,Stir Fry
226,Sicilian Chicken Spaghetti,4.89,17,"Mains, Pasta"
227,Emergency Corn Chowder Soup,4.98,38,"Mains, Soup"
228,Mediterranean Savoury Muffins,4.99,57,"Baking, Snack"
229,Espresso Martini,5,2,Cocktails
230,Caramel Popcorn,4.99,67,"Dessert, Sweet"
231,Sticky Chinese Chicken Wings,4.97,122,"Appetizer, Finger Food, Main, Party Food, Snacks"
232,Mexican Ground Beef Casserole with Rice (Beef mince!),4.90,175,Mains
233,Self Saucing Butterscotch Pudding,4.88,55,Dessert
234,Creamy Mushroom Pasta,4.99,74,Mains
235,Chinese Crispy Noodles with saucy Chicken and Vegetables (crispy CHOW MEIN!),4.94,61,"Noodles, Stir Fry"
236,Emergency Chicken Rice Casserole,4.87,45,Mains
237,Avocado Chicken Burgers,4.98,47,Mains
238,White Chicken Lasgana,4.97,52,Mains
239,Mexican Stuffed Peppers,4.95,60,Mains
240,Homemade Sausage Rolls,4.97,250,"Appetizer, Finger Food, Party Food"
241,Easy Tiramisu (Chef Recipe),4.94,133,Dessert
242,Seasoned Baked Potato Wedges,4.99,68,"Side, Snack"
243,Chicken with Creamy Sun Dried Tomato Sauce,4.96,148,"Chicken, Dinner"
244,Salmon Salad with Asian Ginger Sesame Dressing,5,12,"Light Meal, Lunch, Mains"
245,Steamed Mussels,4.80,10,20 mins
246,Laksa Noodle Soup,4.97,259,"Dinner, Soup"
247,How to cook steak – like a chef!,5,40,Mains
248,Thai Fried Rice,4.96,46,Meals
249,Baked Spaghetti,5,50,Mains
250,Mexican Shredded Beef (and Tacos),4.99,176,"Beef, Dinner"
251,Chicken Stew (Casserole),4.97,52,Mains
252,Baked Fish with Lemon Cream Sauce (One Baking Dish!),4.97,434,Dinner
253,Pizza Stuffed Mushrooms,5,27,Mains
254,Chow Mein Ramen Noodles,5,31,Mains
255,Chimichurri Steak,4.96,24,"Dinner, Sauce"
256,Grilled Garlic Bread,5,4,Sides
257,Crispy Grilled Shrimp (Prawns) with Lemon Butter Sauce,4.98,35,"BBQ, Mains"
258,Chocolate Zucchini Bread,4.99,59,"Baking, Sweet"
259,Marinated Grilled Salmon,4.97,28,"BBQ/Grilling, Mains"
260,Chicken Nachos,4.98,36,Mains
261,Jambalaya Recipe (easy),5,68,Mains
262,Bibimbap,4.99,62,Mains
263,Pork Tenderloin with Honey Garlic Sauce,4.97,296,Mains
264,Creamy Mashed Cauliflower,4.94,32,Sides
265,Reuben Sandwich recipe!,4.96,22,Mains
266,Chicken Pasta recipe of your dreams!,5,100,"Mains, Pasta"
267,Apple Crumble Bars,4.96,22,Sweet
268,Marinated Roast Beef,4.91,60,"Mains, Roasts"
269,Noodle Salad With Creamy Sesame Peanut Dressing,5,22,"Noodles, Salad"
270,Strawberry Avocado Salad,5,27,Side Salad
271,A great Chicken Marinade (great grilled or pan seared!),4.99,69,Mains
272,Baked Tandoori Chicken,4.91,80,Chicken
273,Dog cake recipe - with dog friendly fluffy frosting!,4.99,94,Dog Treats
274,Aussie Meat Pie recipe,4.99,76,Mains
275,Hot Cross Buns recipe,4.99,477,Dessert
276,Chocolate Cake,4.99,275,35 mins
277,Salmon Quiche,4.98,37,"Brunch, Mains"
278,Broccoli Chicken Fritters,4.93,52,Mains
279,Better-Than-Dominos Garlic Bread,4.98,46,Sides
280,Caramelised Vietnamese Shredded Beef,4.96,24,Mains
281,Quick Chicken Tacos - WITH sauce!,4.99,89,Mains
282,Carnitas (Mexican Slow Cooker Pulled Pork),4.96,876,Slow cooking
283,Salmon Patties,4.90,106,Mains
284,Shortbread Cookies,4.96,85,Sweets
285,Fried Rice,5,180,Side
286,Easy Chicken Curry,4.91,143,Mains
287,Gozleme!!,4.98,88,"Mains, Starter"
288,Thai Chicken Satay with Peanut Sauce,4.97,292,"Mains, Starter"
289,Oven Baked Pork Chops with Potatoes,4.94,348,Dinner
290,Frittata Egg Muffins,5,43,"Breakfast, Snack"
291,Chicken Stew,4.96,145,Mains
292,How to Tenderise Chicken for Stir Fries (Chinese secret!),5,54,Mains
293,Egg Foo Young (Chinese omelette),4.97,63,Mains
294,Vegetable Lasagna,4.97,122,Mains
295,JUICY Pesto Pasta!,5,19,"Mains, Pasta"
296,Sticky Baked Chicken Thighs,4.97,80,30 mins
297,Thai Green Curry,5,167,Mains
298,Homemade Thai Green Curry Paste,4.94,16,Mains
299,Curried Rice (Basmati rice),4.99,72,Sides
300,Peanut Butter Caramel Pie,4.92,24,35 mins
301,Braised Beef Short Ribs in Red Wine Sauce,4.95,179,3 hrs 15 mins
302,Easy Chicken Cordon Bleu,4.96,196,"Chicken, Dinner"
303,Extra Fluffy Blueberry Pancakes,4.95,56,20 mins
304,Outrageous Nutella Brownies,5,29,50 mins
305,Prawn Mango Avocado Summer Salad with Lime Dressing,5,34,25 mins
306,25 BEST Party Food Recipes!,5,4,15 mins
307,Real Tomato and Basil Bruschetta,5,8,"Appetizer, Starter"
308,Easy Chocolate Fudge Cake,4.98,190,Cake
309,Healthier Creamy Yogurt Salad Dressings,5,36,10 mins
310,Creamy Corn Casserole,4.86,42,Sides
311,Baked Creamy Pumpkin Risotto,4.97,80,30 mins
312,Sloppy Joes,5,36,Mains
313,Thai Coconut Soup,4.99,66,"Mains, Soup"
314,5 Ingredient Chocolate Peanut Butter Bars (NO BAKE!),4.97,53,15 mins
315,Frittata,4.95,18,25 mins
316,One Pot Chinese Chicken and Rice,4.91,97,Mains
317,Persian Lamb Shanks,4.97,29,Mains
318,Persian Saffron Rice (Tachin),4.96,23,Side
319,Slow Cooker Pork Loin Roast OR Pork Shoulder,4.94,231,"Mains, Slow Cooker"
320,Vegetable Pasta - One Pot!,4.86,75,Mains
321,Poached Salmon in Coconut Lime Sauce,4.94,114,Mains
322,Easy Taco Soup,4.84,24,"Dinner, Soup"
323,Baklava,5,39,Sweet
324,Falafel,4.99,100,"Mains, Sides"
325,Mushroom Sauce,4.97,149,Sauce
326,Homemade Filet-O-Fish Burger (BAKED!),4.99,51,35 mins
327,Lemon Potato Salad,4.97,54,10 mins
328,Lamb Shanks in Red Wine Sauce,4.95,255,Main
329,Chinese Chicken Salad,4.97,54,Salad
330,Chinese Ham Bone Rice Soup (Congee),4.82,33,Soup
331,Strawberry Ice Cream (No Churn),5,46,1 hr 20 mins
332,Broccoli Salad with Lighter Creamy Dressing,5,21,15 mins
333,"Quesadilla (Beef, Vegetable or Chicken)",4.99,68,Main
334,Crispy Garlic Chicken Thighs,4.94,120,12 mins
335,Caramel Self Saucing Baked Apples,5,21,40 mins
336,Homemade Pastrami Without a Smoker,5,78,Mains
337,Singapore Noodles,4.96,89,"Noodles, Stir Fry, Street Food"
338,Steak with Creamy Peppercorn Sauce,4.92,49,12 mins
339,Hamburger Recipe,5,63,"BBQ, Dinner"
340,Garlic Butter Rice with Kale,4.99,79,35 mins
341,Mushroom Rice Recipe,4.99,208,Side
342,Savoury Cheese Muffins,4.95,138,"Appetizer, Breakfast, Sides"
343,Prawn Risotto (Shrimp),5,26,35 mins
344,Easy Coconut Curry Sauce,4.96,43,Main Course
345,Chinese Beef and Broccoli,4.96,83,Stir Fry
346,Veggie Burgers,4.99,107,"BBQ, Mains"
347,Chicken and Rice Soup,4.99,61,1 hr
348,Pork Stir Fry with Green Beans,4.98,124,Stir Fry
349,Lemon Butter Sauce for Fish,4.99,78,10 mins
350,Kale and Quinoa Salad,5,45,Side
351,Chocolate Cake,4.99,275,35 mins
352,Fish Pie,4.92,72,Mains
353,Stir Fried Noodles with Peanut Sauce,4.95,39,8 mins
354,Peanut Sauce for Stir Fries,5,30,"Mains, Sauces"
355,Middle Eastern Spiced Chickpea Salad,4.95,39,"Lunch, Salad, Vegan"
356,Beef and Rice with Veggies,4.90,82,"Main, Side"
357,Thai Red Curry with Chicken,4.97,200,Mains
358,Magic healthy low cal creamy Vegetable Soup!,4.90,69,Soup
359,Ultra Crispy Smashed Potatoes,4.97,153,1 hr 10 mins
360,Slow Cooked Lamb Shawarma,4.99,80,Mains
361,Crispy Parmesan Crusted Chicken,4.83,68,8 mins
362,No Bake Mango Cheesecake,4.96,122,30 mins
363,Cheese and Ham Pancakes (Pikelets!),5,21,15 mins
364,Never Ending Meringue Tranche (1.6 metres / 5.2 ft),5,20,1 hr 15 mins
365,"Oven Baked Chicken with Rice Pilaf (Cranberry, Walnut and Apple)",4.98,34,1 hr 20 mins
366,Homemade Gourmet Crackers,4.99,129,1 hr 15 mins
367,Prawn Mango and Avocado Salad with Noodles,4.92,12,15 mins
368,Doner Kebab recipe,4.97,113,Mains
369,WILD RICE SALAD,5,41,1 hr
370,Pecan Pie,5,36,1 hr 30 mins
371,Creamy Garlic Prawn Pasta,4.99,82,20 mins
372,Stay-Moist Apple Muffins!,4.96,129,Baking
373,Vietnamese Coconut Caramel Chicken,4.89,138,Main
374,Baked Mushroom Rice,4.92,67,Rice
375,$2 Homemade Frozen Pizzas,5,24,Mains
376,SPICY ITALIAN CHICKEN CASSEROLE,5,9,20 mins
377,Butter Cake (Vanilla Sponge Cak),4.93,70,40 mins
378,Rissoles!,4.98,108,Main
379,Build Your Own Homemade Granola (Muesli),4.95,76,35 mins
380,Spinach Ricotta Cannelloni,4.98,110,Mains
381,Oven Baked Rice and Vegetables,4.98,45,1 hr
382,Creamy Zucchini Soup,4.93,51,20 mins
383,OSSO BUCO,4.90,28,Mains
384,Salted Caramel Tart,4.93,55,40 mins
385,Homemade Cream of Chicken Soup recipe,4.97,58,Soups
386,Sesame Noodles,4.94,33,Side Dish
387,Cheesy Chicken Mince Fritters with Broccoli,4.91,52,"Appetiser, Main Course"
388,San Fran Chicken Salad with Yoghurt Ranch Dressing,4.91,11,5 mins
389,Slow Cooked Shredded Beef Ragu Pasta,4.98,336,"Pasta, Slow Cooked"
390,Epic Chunky Beef and Mushroom Pie,4.97,85,2 hrs 45 mins
391,Easy Pumpkin Gnocchi with Sage Butter Sauce,4.78,35,"Mains, Starter"
392,Chicken Stir Fry with Rice Noodles,4.88,33,5 mins
393,"Simple, Fluffy Pancakes",4.97,79,15 mins
394,Baked Broccoli Cheese Balls,4.94,81,25 mins
395,"Honey Garlic Salmon (5 Ingredients, 15 Minutes)",4.96,116,"Fish, Seafood"
396,Thai Coconut Marinated Chicken,4.95,34,Main
397,Best Easy Chocolate Cupcakes,5,65,"Baking, Cupcakes, Dessert"
398,Oven Baked Italian Meatballs,4.92,35,30 mins
399,Baked Balsamic Chicken,4.71,34,Dinner
400,One Pot Chicken Alfredo Pasta,4.96,64,15 mins
401,Chocolate Cream Pie,4.95,54,55 mins
402,Pan Fried Gnocchi with Pumpkin & Spinach,4.91,20,35 mins
403,Homemade Mango Ice Cream Recipe,4.89,80,25 mins
404,Chocolate Covered Strawberries,5,5,Sweet
405,Steak Sandwich,4.94,32,1 hr
406,Spicy Chilli Prawn Pasta (Shrimp),5,31,15 mins
407,Rosemary Garlic Grilled Lamb Chops,4.87,15,15 mins
408,Oven Baked Chicken Quesadillas,4.97,31,Dinner
409,Pomegranate Molasses Dressing,5,3,Nagi | RecipeTin Eats
410,Chinese Chicken Salad with Asian Peanut Salad Dressing,4.89,27,15 mins
411,Chinese Steamed Fish with Ginger Shallot Sauce,4.92,12,Dinner
412,Roasted Sweet Potato Salad,5,27,45 mins
413,Chocolate Self Saucing Pudding,4.99,53,40 mins
414,Stovetop Macaroni and Cheese,4.89,85,"Dinner, Side"
415,Creamier Blueberry Cheesecake Bars (BAKED),4.77,21,35 mins
416,Lemon Pepper Chicken,5,22,15 mins
417,Cheese and Bacon Dip,5,9,35 mins
418,Brussel Sprout Salad,5,4,25 mins
419,Easiest Ever MOIST Apple Cake,4.89,123,1 hr 5 mins
420,Cauliflower and Chickpea Curry,4.91,31,"Curry, Dinner"
421,Sweet and Sour Chicken Stir Fry,4.91,52,"Dinner, Stir Fry"
422,Vegetarian Mexican Lasagna,4.98,39,Dinner
423,Creamy Dill Sauce with Salmon or Trout,5,26,15 mins
424,Broccoli Salad with Sour Cream Dressing,5,18,18 mins
425,Honey Mustard Chicken,4.84,77,Dinner
426,5 Easy Tapas Recipes,4.75,136,Appetizer
427,Spanish Tortilla (Omelette),4.80,5,"Breakfast, Brunch, Tapas"
428,Nutella Crepes,4.94,16,Breakfast
429,Bacon Wrapped Chicken,4.96,43,40 mins
430,No Chop Roast Pumpkin Soup,4.88,31,1 hr 15 mins
431,Chicken in White Wine Cream Sauce,4.95,37,Dinner
432,Mini No Bake Nutella Cheesecake,4.92,25,20 mins
433,Lemon Rice Pilaf,4.99,51,30 mins
434,Balsamic Pork Chops,4.88,24,Dinner
435,Jalapeno Popper Dip,4.89,9,"Appetizer, Dip, Party Food"
436,"Sun Dried Tomato, Spinach & Cheese Stuffed Chicken Breast",4.93,64,25 mins
437,Best Chocolate Chip Muffin,4.80,62,30 mins
438,Pikelets,4.90,48,Breakfast
439,Pork Tenderloin with Creamy Marsala Sauce,4.99,57,Dinner
440,Seafood Spaghetti Marinara,5,79,"Dinner, Pasta"
441,Baked Italian Chicken with Potatoes,4.83,17,Baked
442,Pineapple Coconut Hawaiian Chicken Skewers,4.81,21,"Barbecue, Dinner, Grilling"
443,Coconut Coriander (Cilantro) Lime Rice,4.85,13,25 mins
444,Chinese Fried Rice with Shrimp / Prawns,4.98,41,"Dinner, Side"
445,5 Ingredient Sticky Stove Top Balsamic Drumsticks,4.92,79,30 mins
446,Mexican Grilled Chicken Tacos,5,11,Dinner
447,Qeema Indian Curried Beef,4.94,33,Dinner
448,Brown Sugar Broiled Salmon,5,12,Dinner
449,Honey Lemon Chicken,4.96,68,Dinner
450,Greek Slow Roasted Leg of Lamb,4.90,103,"Dinner, Roast"
451,Parmesan Shortbread Biscuits,4.83,47,25 mins
452,Creamy Salmon Risoni / Orzo (15 Minute Meal),4.84,18,15 mins
453,Fluffy Ricotta Pancakes,4.91,20,45 mins
454,Easy Chinese Honey Sesame Chicken,4.86,27,Dinner
455,Turkish Lamb Kofta Kebabs,4.96,22,"BBQ, Dinner, Grilling"
456,Cajun Blackened Fish {+ Video},5,11,"Dinner, Seafood"
457,Ripper Beef Nachos,4.98,40,"Dinner, Game Day, Party"
458,Satay Chicken Noodle Salad,4.96,46,20 mins
459,Honey Sriracha Chicken Skewers,5,12,"BBQ, Dinner"
460,Tuna Tartare with Lychees,5,7,"Appetizer, Starter"
461,Italian Meatloaf with Marinara Sauce,4.84,18,Dinner
462,Easy Chicken Noodle Soup,4.93,13,Soup
463,Peruvian Chicken with Garlic Butter Rice,4.82,27,Dinner
464,Sausage & Bacon Country Breakfast Casserole,5,8,1 hr
465,Sun Dried Tomato Pasta,4.93,27,30 mins
466,Nando’s Portuguese Chicken Burgers,4.97,87,"BBQ, Dinner"
467,Blackened Fish Tacos,4.79,14,Dinner
468,One Pot Chicken Enchilada Rice Casserole,4.94,74,"Dinner, One Pot"
469,Garlic Bread Mini Pizzas (Muffin Tin),5,12,25 mins
470,Baked Sweet and Sour Chicken,4.98,82,"Chicken, Stir Fry"
471,Greek Zucchini Tots,4.94,31,"Appetizer, Breakfast, Brunch, Dinner, Lunch"
472,Shredded Beef Burritos,4.93,13,"Freezer Friendly, Mains"
473,"KFC Oven Baked ""Fried"" Chicken Tenders",4.95,52,40 mins
474,No Bowl Chocolate Nut Bars,4.94,15,40 mins
475,Chicken Meatloaf Wellington with Sun Dried Tomatoes,4.96,23,55 mins
476,"No Yeast Cheese, Garlic and Herb Bread",4.91,40,50 mins
477,Browned Butter Garlic Prawns with Cauliflower Puree,5,9,20 mins
478,Coconut Marinated Chicken (Grill or Stove),4.90,28,"Dinner, Grilling"
479,Crispy Sticky Mongolian Beef,4.92,86,Stir Fry
480,White Chicken Enchiladas,4.96,50,"Chicken, Dinner"
481,Crispy Cheesy Sausage Hash Browns,5,11,28 mins
482,One Skillet Oven Baked Chicken Shawarma and Rice Pilaf,4.94,47,"Chicken, Dinner, One Pot"
483,Korean Beef Bowl (Bulgogi),4.97,28,"Dinner, Stir Fry"
484,"Bacon, Egg and Mushroom Tart (Puff Pastry)",5,14,35 mins
485,Garlic Butter Cauliflower Pasta with Pangritata,5,24,25 mins
486,Chorizo Baked Beans on Toast,5,14,25 mins
487,Shredded Sweet Soy Chicken Breast,4.82,38,"Chicken, Dinner"
488,Smoked Salmon and Egg Breakfast Mille-feuille,5,11,30 mins
489,Cheese and Bacon Bread Boats,5,11,25 mins
490,One Pot Orzo / Risoni Bolognaise,4.93,40,"Dinner, One Pot, Pasta"
491,Lemon Garlic Baked Ricotta,4.82,11,20 mins
492,Bacon Wrapped Hot Dogs with Cheese Sauce,5,13,"BBQ, Grilling, Party Food"
493,Nutella Stuffed Pancakes,4.88,50,30 mins
494,Shrimp / Prawn Pad Thai (Spice I Am Restaurant Recipe),4.70,73,"Noodles, Stir Fry"
495,Fettuccine Alfredo,5,43,Pasta
496,Thai Grilled Chicken (Gai Yang),4.96,48,"Barbecue, BBQ, Chicken, Grilling"
497,One Tray Oven Baked Honey Chili Lime Salmon with Potatoes and Beans,4.96,25,50 mins
498,Breakfast Enchiladas,5,13,30 mins
499,Grilled Mexican Corn with Chipotle Adobo Sauce (Mexicano Restaurant Copycat),4.85,19,"Grilling, Sides"
500,Honey Mustard Baked Chicken with Potatoes & Bacon,4.94,30,1 hr 10 mins
501,Red Velvet Cookies,5,8,35 mins
502,One Pot Greek Chicken and Lemon Rice,4.89,340,"Chicken, One Pot"
503,Prawn / Shrimp Taco Appetizers,4.81,72,30 mins
504,Cinnamon French Toast Bites,4.70,23,15 mins
505,Leftover Pasta Fritters,4.90,19,15 mins
506,Caribbean Rice with Peas (Beans),4.94,43,"Rice, Side"
507,Baked Apple Pie Fries with Salted Caramel Dipping Sauce,4.94,15,40 mins
508,Spicy Parmesan Party Popcorn,5,7,15 mins
509,Green Mexican Rice (Coriander/Cilantro Rice - Arroz Verde),5,37,Rice
510,Mexican Breakfast Tacos (Chorizo and Egg),5,8,"Breakfast, Brunch"
511,Truly Crunchy Roast Potatoes,4.99,79,1 hr 15 mins
512,Man Candy: Candied Bacon and Nuts,5,12,35 mins
513,Grilled Eggplant with Yoghurt Sauce,5,10,"Main, Side"
514,Baked One Pot Mac and Cheese,5,33,"Baked, One Pot, Pasta"
515,Strawberry Nutella French Toast Roll Ups,5,22,15 mins
516,Chinese Zucchini Pancakes,4.64,11,"Breakfast, Starter"
517,Restaurant Style Coconut Rice (Coconut Milk),4.96,202,"Rice, Side"
518,Bacon French Toast Roll Ups,4.91,11,15 mins
519,Nachos Cheese Dip & Sauce,4.81,56,"Appetizer, Dip"
520,Slow Cooker Beef and Broccoli,5,13,"Main, Slow Cooker"
521,Freezer Friendly Mexican Meals,5,5,Make Ahead Freezer Friendly Mexican Meals
522,Greek Lamb and Salad Dinner,5,4,Dinner
523,Zucchini Tian (Naturally Healthy),4.94,16,"Midweek Meal, Rice, Side"
524,Giant Hash Brown,4.82,11,25 mins
525,Real Chinese All Purpose Stir Fry Sauce (Charlie!),4.93,251,"Noodles, Stir Fry"
526,8 simple Italian Pasta Recipes,5,14,"Mains, Pasta"
